"خانواده","endpoint_مجاز","فیلدهای_نمونه_پاک","producer_و_زمانبندی","تبدیل_واحد","ذخیره_و_کلید","تاریخ_معتبر_داده","آخرین_دریافت_ذخیره_شده_UTC","محاسبه","API_یا_خواننده","صفحه_یا_کارت","نقش_مجاز_در_کد","سؤال_کاربر","کد_موجود","برنامه_یا_نقص","دریافت_upstream_امروز","ذخیره_سالم","نمایش_درست","شاهد","scope_پیشنهادی_دوره_مستقل_از_نقش_فعلی","تصمیم_NEXT07","تغییر_NEXT07","آزمون_NEXT07","دسترسی_NEXT07","بودجه_delta_NEXT07","اثبات_زنده_NEXT07"
"طلا/ارز/سکه/کریپتو","Market/Gold_Currency.php","symbol;name;price;change_percent;unit → id;faName;price;changePercent","fetchGoldCurrency در server؛  بوت و هر ۵ دقیقه","قیمت ریال ÷۱۰؛  دلار خام؛  change_value نیازمند تطبیق واحد","ir_market_snapshots:key=latest؛  ir_market_history:id/section=gold,currency؛  fx_rates:rate_date","زمان مستقل قیمت حفظ نشده؛  fetchedAt زمان چرخه است","2026-09-21T22:21:38.113Z؛  history22:16:42Z","روند getIrTrends؛  USD روزانه در fx_rates","/api/market؛  getIrMarket؛  getFxRates","/؛  /market؛  GoldCurrencyBoard؛  مسیر دلاری نماد","عمومی؛  داشبورد ارز داخلی فقط admin","آخرین قیمت و تاریخ آن چیست؟","YES","زمان منبع هر ردیف و نرخ تبدیل باید صریح باشد","UNKNOWN","STALE؛  snapshot موجود؛  واحد change نامعلوم","BLOCKED_LIVE:ir=null","server:258-328؛  market-ir؛  sql0/more0/final0","public_market موجود حفظ؛ future_course_module فقط allowlist صریح و scoped entitlements طبق seasonal.v0.1؛ internal_desk فقط admin","fix/reuse","sourceDate/sourceTime optional؛ روز نمونه تهران؛ خطا/خالی مستقل؛ جدول روند قابل صفحه‌کلید","PASS code/unit/local-fixture؛ browser evidence در RESULT","عمومی فعلی حفظ؛ wrapper دوره از seasonal_module_access؛ داخلی فقط scope قبلی","0 upstream؛ بدون افزایش producer یا cadence","UNKNOWN؛ تغییر کد/fixture شاهد دریافت Production نیست"
"سهام/صندوق تابلو","Tsetmc/AllSymbols.php?type=1","l18;l30;pl;pc;plp;tvol;tval;mv;Buy_I_Volume;pd1;qd1","fetchStocksAndFunds هر ۵ دقیقه؛  فیلتر زیرنماد و cs_id=68","قیمت و دامنه ÷۱۰ تومان؛  tval و mv ریال خام","snapshots:latest؛  EOD symbol_history:(symbol,trade_date)","snapshot.indices.date=1405-06-30؛  تاریخ مستقل تابلو حفظ نشده","2026-09-21T22:21:38.113Z؛  history sampled20:31:53Z","پهنا/صف/جریان حقیقی؛  بازده close با حدود سری تعدیل‌نشده","/api/market؛  getBulkReturns/getRadarData","/market؛  /market/stocks؛  /market/funds؛  TodayMarket","تابلو عمومی؛  رادار admin؛  تحلیل عمیق گیت full موجود","بازار امروز در چه وضعی است و صندوق چه قیمتی دارد؟","YES","نبود volume/value گاهی صفر می‌شود؛  ارزش حقیقی EOD null","UNKNOWN","STALE؛  unique زنده؛  تاریخ ۱۰۰۰ ردیف تازه مشکوک","BLOCKED_LIVE","server:335-455؛  eod؛  sql0/sql2/final1","public_market موجود حفظ؛ future_course_module فقط allowlist صریح و scoped entitlements طبق seasonal.v0.1؛ internal_desk فقط admin","fix/reuse","ریال value/mv→تومان در نماد و جدول صندوق؛ null/zero؛ تاریخ آخرین روز بازده؛ NAV source-time gate","PASS code/unit/local-fixture؛ browser evidence در RESULT","عمومی فعلی حفظ؛ wrapper دوره از seasonal_module_access؛ داخلی فقط scope قبلی","0 upstream؛ بدون افزایش producer یا cadence","UNKNOWN؛ تغییر کد/fixture شاهد دریافت Production نیست"
"شاخص","Tsetmc/Index.php?type=1","index:pl;plc;pc;mv;tvol;tval;date;time → total;totalChange","fetchIndex هر ۵ دقیقه؛  pushDailyIndex پایان روز","totalChange امتیاز؛  ارزش ریال خام؛  درصد نیاز به مخرج معتبر دارد","snapshots:latest؛  index_history:jdate","1405-06-30","2026-09-21T10:36:41.270100Z؛  snapshot22:21:38Z","buildIndexSeries؛  روند کل و هم‌وزن","getIndexTrend (RSC)؛  /api/market","/market؛  IndexTrendChart","عمومی","شاخص و روند معتبر آخرین جلسه چیست؟","YES","زمان معتبر، تاریخ منبع و برچسب جلسه؛  دادهٔ امروز نیست","UNKNOWN","STALE؛  ۴۶ ردیف؛  کلید unique تأیید شد","UNKNOWN_UI","server:737؛  core/indexTrend؛  sql1","public_market موجود حفظ؛ future_course_module فقط allowlist صریح و scoped entitlements طبق seasonal.v0.1؛ internal_desk فقط admin","fix/reuse","null/zero؛ زمان منبع جدا از دریافت؛ indexChangePercent واحد و مبنای واحد","PASS code/unit/local-fixture؛ browser evidence در RESULT","عمومی فعلی حفظ؛ wrapper دوره از seasonal_module_access؛ داخلی فقط scope قبلی","0 upstream؛ بدون افزایش producer یا cadence","UNKNOWN؛ تغییر کد/fixture شاهد دریافت Production نیست"
"NAV","Tsetmc/Nav.php[?l18=]","l18;predtran;psubtran;date;time → nav/navIssue/navDate/navTime","NAV ساعتی bulk؛  fallback تا top150؛  completion هر۱۲ساعت تا۴۰۰؛  blacklist پایدار","predtran و psubtran ÷۱۰ تومان؛  bubble نسبت هم‌واحد","snapshots:latest.funds؛  history.raw.nav_toman/raw.bubble_percent","۳۸ از۳۳۳ صندوق NAV دارند؛  navDate=1405-06-30؛  نمونه 15:02:29","2026-09-21T22:21:38.113Z","liveBubble: سن 24 ساعت، فاصله 6 ساعت؛  bubbleWindow با چگالی واقعی","getNavHistory/getIrMarket (RSC)؛  /api/market","/symbol/[fund]؛  FundAnalysisPanel؛  /market/funds","پنل صندوق عمومی در کد؛  مجوز دورهٔ آینده مستقل","فاصله قیمت و NAV با چه زمان/پوششی معنا دارد؟","YES","ingest سن cache را می‌سنجد؛  زمان منبع تاریخی NAV نگهداری نشده","UNKNOWN","STALE/PARTIAL؛  NAV38؛  assetB در 0 از 333","UNKNOWN_UI؛  API ir=null/unavailable","server:470-649؛  core/fundBubble/navHistory؛  more0","public_market موجود حفظ؛ future_course_module فقط allowlist صریح و scoped entitlements طبق seasonal.v0.1؛ internal_desk فقط admin","fix/reuse","navSourceAt/24h/15min future/ratio0.5..2؛ liveBubble هم‌زمانی؛ نبود ساعت قیمت=حباب نامعلوم","PASS code/unit/local-fixture؛ browser evidence در RESULT","عمومی فعلی حفظ؛ wrapper دوره از seasonal_module_access؛ داخلی فقط scope قبلی","0 upstream؛ بدون افزایش producer یا cadence","UNKNOWN؛ تغییر کد/fixture شاهد دریافت Production نیست"
"نماد جزئیات","Tsetmc/Symbol.php?l18=","l18;pl;pc;pd1..5;qd1..5;po1..5;qo1..5;assembly;eps;pe;cs_sub","Symbol rotation بوت و هر۵دقیقه؛  حدود۶درچرخه/cap500؛  metadata50 ساعتی باTTLهفتگی؛  relay مستقیم on-demand","raw ریال؛  عمق درUI ÷۱۰؛  EPSریال؛  نوع صندوق متنی","snapshots:key=symbol_details/details[l18] باat","raw.date/date_update؛  timestamp هرentry؛  ۱۲۰نماد درcache","2026-09-21T22:21:41.530Z","عمق۵سطحی؛  مجامع؛  حقیقی/حقوقی؛  نوع صندوق","/api/symbol-detail?l18=؛  فقطDB؛  /symbol.json مستقیمrelay میتواندupstreamبزند","/symbol/[symbol]؛  SymbolLiveDetail","API سایت عمومی؛  relay توکن؛  diagnostics فقط عملیات مجاز","عمق و مجامع این نماد چه می‌گویند؟","YES","عنوان خارج ساعات بازار از کهنگی نتیجه نمی‌شود؛  at مجهول باید صریح باشد","UNKNOWN","STALE؛  ۱۲۰ entry؛  raw ریال حفظ شده","UNKNOWN_UI","symbol-detail؛  APIroute؛  more2/quality1","public_market موجود حفظ؛ future_course_module فقط allowlist صریح و scoped entitlements طبق seasonal.v0.1؛ internal_desk فقط admin","fix/reuse","واحد درست؛ null عددی؛ کهنه≠خارج ساعت؛ برچسب snapshot","PASS code/unit/local-fixture؛ browser evidence در RESULT","عمومی فعلی حفظ؛ wrapper دوره از seasonal_module_access؛ داخلی فقط scope قبلی","0 upstream؛ بدون افزایش producer یا cadence","UNKNOWN؛ تغییر کد/fixture شاهد دریافت Production نیست"
"کندل نوع 2","Tsetmc/Candlestick.php?type=2&l18=","date;open;high;low;close;volume → trade_date;OHLC","candle-backfill هر۱۰دقیقه؛  batch50؛  cap4000 روزانه و ساعتی؛  ممیزی اجرا نکرد","OHLCریال خام؛  نمودار close ریال؛  کارت قیمت تومان؛  سری type2 تعدیل‌نشده","symbol_history:(symbol,trade_date)؛  source=brsapi_candle؛  ignore-duplicates","نمونه فولاد آخرین candle=2023-03-27؛  پوشش کل UNKNOWN","نمونه فولاد 2026-08-08T08:30:45.251500Z","روند قیمت؛  بازده close صرفاً تغییر قیمت سری موجود، بازده کل تعدیل‌شده نیست","getSymbolHistory؛  /api/data/[symbol]/history.csv","/symbol/[symbol]؛  نمودار تاریخچه/CSV؛  بازده صندوق","CSV تاریخچه عمومی؛  ابزار تحلیل عمیق full","قیمت در سری موجود چگونه تغییر کرده؟","YES","sourceهای هم‌کلید؛  EOD فاقدOHLC؛  گستره کل داده UNKNOWN","UNKNOWN","PARTIAL؛  unique تأیید؛  ۱۲ آزمون موفق","UNKNOWN_UI","candle-backfill؛  history؛  quality2/final1","public_market موجود حفظ؛ future_course_module فقط allowlist صریح و scoped entitlements طبق seasonal.v0.1؛ internal_desk فقط admin","reuse","EOD CRLF test درست؛ سری ریال و تعدیل‌نشده صریح؛ داده گذشته دست‌نخورده","PASS code/unit/local-fixture؛ browser evidence در RESULT","عمومی فعلی حفظ؛ wrapper دوره از seasonal_module_access؛ داخلی فقط scope قبلی","0 upstream؛ بدون افزایش producer یا cadence","UNKNOWN؛ تغییر کد/fixture شاهد دریافت Production نیست"
"اطلاعیه کدال","Codal/Announcement.php","symbol;title;link_excel;date_publish;time_publish;period؛  raw","codal-engine هر۳ساعت؛  archive هر۴۵دقیقه؛  فقط پارامترcatalog؛  caparchive200 روزانه","زمان انتشار خام جدا؛  مالی از اکسل مستقل با واحد صریح","codal_feed:link؛  codal_reports:source_url#pvN/id","feed.maxPublish=1410/12/29 معیار معتبر تازگی نیست؛  period_end تا 2026-09-01","feed2026-09-21T22:01:31.470141Z؛  reports22:01:40.701908Z","dedupe دامنه/حسابرسی/اصلاحیه/انتشار/id؛  deriveQuarters؛  ن۳۰YoY","/api/codal-list?symbol=؛  fundamentals (RSC)","/codal؛  /symbol #reports/#fundamental؛  admin/radar","فید و خلاصهٔ بنیادی عمومی؛  پژوهش admin؛  تحلیل عمیق full","کدام گزارش/اصلاحیه معتبر و مربوط به شرکت است؟","YES","published_at همه 9439null؛  rawdate موجود؛  رخداد اصلاحیه مستقل لازم","UNKNOWN","PARTIAL/STALE؛  unique؛  پوشش هر فیلد revenue/net_profit برابر 3553/3565؛  اشتراک UNKNOWN","UNKNOWN_UI","codal؛  fundamentals؛  more1/quality3","public_market موجود حفظ؛ future_course_module فقط allowlist صریح و scoped entitlements طبق seasonal.v0.1؛ internal_desk فقط admin","fix/reuse","publicationDay معتبر؛ periodEnd جدا؛ هیچ backfill/بازنویسی","PASS code/unit/local-fixture؛ browser evidence در RESULT","عمومی فعلی حفظ؛ wrapper دوره از seasonal_module_access؛ داخلی فقط scope قبلی","0 upstream؛ بدون افزایش producer یا cadence","UNKNOWN؛ تغییر کد/fixture شاهد دریافت Production نیست"
"اختیار معامله","Tsetmc/Option.php","l18;contracttype;strike;dateEnd;dayRemain;openInterest;pl;pc;volume","fetchOptions هر۵دقیقه؛  یک بورد","قیمت، اعمال و ارزش ÷۱۰ تومان؛  تاریخ جلالی","snapshots:latest.options؛  تاریخچه اختصاصی ندیدیم","snapshot قدیمی؛  سررسید هر قرارداد مستقل","2026-09-21T22:21:38.113Z","فیلتر قرارداد و نماد پایه؛  موتور قیمت‌گذاری/سفارش مشاهده نشد","/api/market؛  getIrMarket","/market/options؛  OptionsBoard","عمومی در کد؛  توضیح سررسید و واحد برای مخاطب لازم","قرارداد پایه، سررسید و وضعیت قابل مشاهده چیست؟","YES","بودجه standard؛  فیلد ناقص null","UNKNOWN","STALE؛  ۱۴۸۵ ردیف snapshot","UNKNOWN_UI","options:36؛  lib/market-ir؛  sql0","public_market موجود حفظ؛ future_course_module فقط allowlist صریح و scoped entitlements طبق seasonal.v0.1؛ internal_desk فقط admin","reuse","جدول موجود؛ consumer تازه ساخته نشد","PASS code/unit/local-fixture؛ browser evidence در RESULT","عمومی فعلی حفظ؛ wrapper دوره از seasonal_module_access؛ داخلی فقط scope قبلی","0 upstream؛ بدون افزایش producer یا cadence","UNKNOWN؛ تغییر کد/fixture شاهد دریافت Production نیست"
"گواهی سپرده","IME/Certificate.php","contract_code;pl;pc;tvol;tval;date_update;time_update","refreshCertificates هر۳۰دقیقه بین 8 تا 19 تهران؛  EODپس 19 با تایمر۵دقیقه","قیمت ÷۱۰؛  tval هزارریال ×۱۰۰ تومان","snapshots.latest.imeCertificates؛  ime_certificate_history:(trade_date,contract_code) NOT_EXISTS","date/time منبع درpayload؛  زمان معتبر نمونه جدا اندازه‌گیری نشد","2026-09-21T22:21:38.113Z","تابلوی گواهی؛  محاسبهٔ تاریخی فعلاً به جدول ناموجود وابسته","relay/market.json توکن؛  lib/market-ir حذفمی‌کند","مصرف‌کننده site پیدا نشد؛  رصد خصوصی قابل طراحی","relay توکن؛  مصرف‌کننده سایت نیست؛  scope داخلی آینده تصمیم‌پذیر","گواهی کالا در چه تاریخی معامله شده؟","YES","جدول وجود ندارد؛  EOD هنوز تاریخ ساعت دیواری؛  ۱۱snapshot خام","UNKNOWN","PARTIAL snapshot؛  تاریخچه NO_TABLE","NO_SITE_CHAIN","ime:62/128؛  toMarket؛  sql0/more3","در صورت تصمیم سؤال و مصرف: internal_admin؛ module دوره خودکار نیست","defer","بدون مصرف‌کننده و سؤال مصوب؛ نمودار تازه ساخته نشد","NOT_BUILT","عمومی فعلی حفظ؛ wrapper دوره از seasonal_module_access؛ داخلی فقط scope قبلی","0 upstream؛ بدون افزایش producer یا cadence","UNKNOWN؛ تغییر کد/fixture شاهد دریافت Production نیست"
"فیزیکی کالا","IME/Physical.php?date_start=&date_end=","date_trade;l18;producer;price_base_offer;volume_contract;demand;pl;pc;tval","runPhysicalDaily روزی‌یکبار پس 15؛  امروز ویکروز از۷روزقبل؛  ممیزی اجرا نکرد","قیمت ریال خام؛  value_krial هزارریال خام؛  fetch_date مستقل","ime_physical_trades:(trade_jdate,symbol_code,producer,price_close_rial,volume_contract) NOT_EXISTS","date_trade زمان منبع؛  no_data تعطیلی خطا نیست","UNKNOWN:جدولنیست/debug401","ردیف معامله/حجم/قیمت وزنی؛  محاسبهٔ downstream ندیدیم","producerفقط؛  APIsiteندیدیم","هیچdashboardفعال مصرف‌کنندهندیدیم","نقش فعلی سایت نامشخص؛  طرح رصد admin مستقل","چه معامله فیزیکی با چه واحدی ثبت شده؟","YES","ابتدا سؤال/مصرف و تاریخ جلسه؛  migration دراین ممیزی اجرا نمی‌شود","UNKNOWN","NO_TABLE","NO_SITE_CHAIN","ime:179/207/240؛  more3","در صورت تصمیم سؤال و مصرف: internal_admin؛ module دوره خودکار نیست","defer","بدون مصرف‌کننده و سؤال مصوب؛ نمودار تازه ساخته نشد","NOT_BUILT","عمومی فعلی حفظ؛ wrapper دوره از seasonal_module_access؛ داخلی فقط scope قبلی","0 upstream؛ بدون افزایش producer یا cadence","UNKNOWN؛ تغییر کد/fixture شاهد دریافت Production نیست"
"کامودیتی جهانی","Market/Commodity.php؛  baseجدا/keyجدا","symbol;name;price;change_percent;unit;date;time","refreshCommodities درهرbuildPayload، تقریباً۵دقیقه؛  کاتالوگ۳۰دقیقه ادعا می‌کند","دلار خام و unit مانند دلار/اونس؛  نرخ تبدیل فرض نمی‌شود","snapshots.latest.commodities؛  سریتاریخیندیدیم","source date/time؛  snapshot آرایه خالی","UNKNOWN upstream؛  snapshot2026-09-21T22:21:38.113Z","mapping فقط؛  مصرف‌کننده سایت غایب","relay/market.json؛  siteparserحذفمی‌کند","هیچdashboardحاضرsiteندیدیم","relay توکن؛  زمینهٔ داخلی admin درصورت نیاز تصمیم‌پذیر","زمینه جهانی بازار داخلی چیست؟","YES","صفرردیف؛  علت کلید/پوشش UNKNOWN؛  تناقض زمانبندی رفع شود","UNKNOWN","EMPTY","NO_SITE_CHAIN","commodity:53؛  server:810؛  sql0","در صورت تصمیم سؤال و مصرف: internal_admin؛ module دوره خودکار نیست","defer","بدون مصرف‌کننده و سؤال مصوب؛ نمودار تازه ساخته نشد","NOT_BUILT","عمومی فعلی حفظ؛ wrapper دوره از seasonal_module_access؛ داخلی فقط scope قبلی","0 upstream؛ بدون افزایش producer یا cadence","UNKNOWN؛ تغییر کد/fixture شاهد دریافت Production نیست"
"اکسل کدال مستقل","excel.codal.ir allowlist؛  BrsApi نیست","سطرP&L/products؛  period_end؛  units؛  source_url نسخه‌دار","downloadExcelHtml وengine؛  bridgeهر۴۵ثانیه DBcheck؛  فقط درخواست موجود؛  ممیزیtriggerنکرد","P&Lمیلیونریال؛  نمایش میلیونتومان÷۱۰؛  sales_amount_raw باواحدهزارمیلیونریال×۱۰۰۰میلیونریال","codal_reports:source_url#pvN/data.standalone/products","period_end پایان دوره است؛  publish و captured مستقل","2026-09-21T22:01:40.701908Z","monthlyReport/quarterly/margins؛  حلقه غایب فصل null","getFundamentalsFromSupabase؛  /api/codal-list","نمادبنیادی؛  رادارadmin","خلاصه عمومی؛  پژوهش داخلی admin","عملکرد و اصلاحیه شرکت چگونه تغییر کرده؟","YES","دامنه تلفیقی ambiguous؛  مقابلهٔ سند امروز انجام نشد؛  دارایی خالص ازن۱۰فرض نشود","NOT_BRSAPI","PARTIAL؛  پوشش هر revenue وnet_profit برابر 3553/3565؛  پوشش مشترک UNKNOWN","UNKNOWN_UI","codal:484/639؛  more1/quality3","public_market موجود حفظ؛ future_course_module فقط allowlist صریح و scoped entitlements طبق seasonal.v0.1؛ internal_desk فقط admin","reuse","engine فعلی بازاستفاده؛ فراخوان/دانلود جدید صفر","PASS code/unit/local-fixture؛ browser evidence در RESULT","عمومی فعلی حفظ؛ wrapper دوره از seasonal_module_access؛ داخلی فقط scope قبلی","0 upstream؛ بدون افزایش producer یا cadence","UNKNOWN؛ تغییر کد/fixture شاهد دریافت Production نیست"
