"scenario","identity","cohort","module_or_resource","time_condition","expected","evidence","fresh_native_acceptance"
"successful-registration","existing UUID; verified contact","C1","explicit module M; C1 resource","starts_at <= now < ends_at; no revocation","claim existing receipt then authorize exact module","existing175/184 contract; P01 guard regression","PENDING P00"
"duplicate-or-replay","same UUID; same source/external ID","C1","same grant","repeat must not alter original end","idempotent receipt; no additional extension","existing175 ledger; no schema changes","PENDING P00"
"two-cohorts-C1","member A","C1","M granted only C1","C1 active","C1 resource allowed; C2 resource denied","exact p_cohort RPC; existing resource HTTP suite","PENDING P00"
"two-cohorts-C2","member A","C2","separate explicit grant","C2 active independently","C2 only if its own matching grant","existing cohort scoping","PENDING P00"
"late-registration","verified member","C1","C1 grant","late claim; explicit versioned policy","use configured policy; no implicit three months from claim","D-034 OPEN; seasonal boundary fixtures","POLICY AND P00 PENDING"
"expired","same UUID","C1","private course resource","now >= ends_at","deny new URL; retain personal records","existing access-standing and seasonal tests","PENDING P00"
"cancelled-or-refunded","same UUID","C1","revoked course grant","revoked_at set","deny next authorization; ledger retained; issued URL up to TTL60","existing184 guard/URL contract","PENDING P00"
"unrelated-account","member B; mismatched or unverified contact","C1 receipt owned by A","A resource","any","no claim/grant; review ambiguity with reason","existing175 proof contract; P01 stops private IO on Auth failure","PENDING P00"
"independent-consultation","client with separate consent","no course grant","consultation record vs C1 resource","service conditions independent","consultation only within consent; course resource denied","existing consultation and seasonal contract","PENDING P00"
"admin-without-resource-grant","valid admin role","C1","private resource; not ops screen","C1 active","deny despite admin metadata","P0138 and existing8 resource tests","PENDING P00"
"not-signed-in","SDK missing session","any","private module/resource","any","401; no RPC/URL","P0138 handler regression","PENDING ON P01 SHA"
"auth-outage","unknown400/402/404/429/5xx/nonJSON/config failure","any","private module/resource","any","503 or unavailable redirect; no private IO","P0138 real SDK errors/canned transport","PENDING ON P01 SHA"
