"symbol","day","status","reason","observedAt","sourceRef","existingRowRef"
"فملی","2026-09-22","unknown","insufficient_symbol_date_or_series_evidence","2026-10-01T22:26:11.282258Z","",""
"فملی","2026-09-23","unknown","insufficient_symbol_date_or_series_evidence","2026-10-01T22:26:11.282258Z","",""
"فملی","2026-09-24","unknown","insufficient_symbol_date_or_series_evidence","2026-10-01T22:26:11.282258Z","",""
"فملی","2026-09-25","unknown","insufficient_symbol_date_or_series_evidence","2026-10-01T22:26:11.282258Z","",""
"فملی","2026-09-26","unknown","insufficient_symbol_date_or_series_evidence","2026-10-01T22:26:11.282258Z","",""
"فملی","2026-09-27","unknown","insufficient_symbol_date_or_series_evidence","2026-10-01T22:26:11.282258Z","",""
"فملی","2026-09-28","unknown","insufficient_symbol_date_or_series_evidence","2026-10-01T22:26:11.282258Z","",""
"فملی","2026-09-29","unknown","insufficient_symbol_date_or_series_evidence","2026-10-01T22:26:11.282258Z","",""
"فملی","2026-09-30","unknown","insufficient_symbol_date_or_series_evidence","2026-10-01T22:26:11.282258Z","",""
