id,flow,expected,status,evidence
N219-01,isolation_build_origin,independent backend and matching bundle/server/origin/cookie,NOT_RUN,
N219-02,settings_signup_on,literal three booleans and BFF flags permit native signUp,NOT_RUN,
N219-03,signup_fail_closed,flag off or unknown settings returns503 before signUp,NOT_RUN,
N219-04,signup_form,new native unconfirmed account ordinary profile no grant,NOT_RUN,
N219-05,signup_forbidden,metadata or wrong Origin rejected before account write,NOT_RUN,
N219-06,signup_duplicate,neutral receipt preserves UUID credential and grants,NOT_RUN,
N219-07,mock_confirmation,private receipt and actual fragment consumed with SSR session,NOT_RUN,
N219-08,confirmation_negative,expired tampered replay rejected without new session,NOT_RUN,
N219-09,pkce_callback,native code exchange same verifier namespace safe next cookies,NOT_RUN,
N219-10,pkce_negative,missing verifier wrong browser or replay grants no access,NOT_RUN,
N219-11,recovery_receipt,known missing and sink outage share neutral response,NOT_RUN,
N219-12,recovery_consume,native link to reset-password with permitted next retained,NOT_RUN,
N219-13,recovery_negative,expired tampered replay rejected without password change,NOT_RUN,
N219-14,recovery_status,validated getUser/getClaims readiness without private fields,NOT_RUN,
N219-15,amr_boundaries,password-only exact300s old and future proof fail403,NOT_RUN,
N219-16,password_replacement,fresh canonical proof saves password UUID/history preserved,NOT_RUN,
N219-17,password_session,login role refresh reload logout relogin and unrelated user denied,NOT_RUN,
N219-18,password_outage,bounded failure retains inputs no late session or redirect,NOT_RUN,
N219-19,cookie_coexistence,both environments coexist and ignore other cookie namespace,NOT_RUN,
N219-20,native_limits,configured N plus one limited and spoofed header cannot bypass,NOT_RUN,
N219-21,private_access,direct API/DB rejection for unrelated user and no implicit membership,NOT_RUN,
