"symbol","status","navPresent","navPositive","ratioPlausible","storedUnit","providerNAVDate","providerNAVTime","sourceFreshness","sourceAt","sourceAgeHours","cause","lastCheckedAt","blacklistSnapshotAt","pendingFailCount"
"آبنوس","preserved_blacklist","false","","","toman","","","unknown","","","","","2026-09-21T16:06:39.672+00:00",""
"آبی","preserved_blacklist","false","","","toman","","","unknown","","","","","2026-09-21T16:06:39.672+00:00",""
"آتش","preserved_blacklist","false","","","toman","","","unknown","","","","","2026-09-21T16:06:39.672+00:00",""
"آتیمس","preserved_blacklist","false","","","toman","","","unknown","","","","","2026-09-21T16:06:39.672+00:00",""
"آتیه ملت","preserved_blacklist","false","","","toman","","","unknown","","","","","2026-09-21T16:06:39.672+00:00",""
"آذرین","preserved_blacklist","false","","","toman","","","unknown","","","","","2026-09-21T16:06:39.672+00:00",""
"آرام","preserved_blacklist","false","","","toman","","","unknown","","","","","2026-09-21T16:06:39.672+00:00",""
"آرامش","preserved_blacklist","false","","","toman","","","unknown","","","","","2026-09-21T16:06:39.672+00:00",""
"آس","preserved_blacklist","false","","","toman","","","unknown","","","","","2026-09-21T16:06:39.672+00:00",""
"آسا","preserved_blacklist","false","","","toman","","","unknown","","","","","2026-09-21T16:06:39.672+00:00",""
"آساس","preserved_blacklist","false","","","toman","","","unknown","","","","","2026-09-21T16:06:39.672+00:00",""
"آسال","preserved_blacklist","false","","","toman","","","unknown","","","","","2026-09-21T16:06:39.672+00:00",""
"آسام","preserved_blacklist","false","","","toman","","","unknown","","","","","2026-09-21T16:06:39.672+00:00",""
"آسان","preserved_blacklist","false","","","toman","","","unknown","","","","","2026-09-21T16:06:39.672+00:00",""
"آسود","preserved_blacklist","false","","","toman","","","unknown","","","","","2026-09-21T16:06:39.672+00:00",""
"آفاق","preserved_blacklist","false","","","toman","","","unknown","","","","","2026-09-21T16:06:39.672+00:00",""
"آفرین","preserved_blacklist","false","","","toman","","","unknown","","","","","2026-09-21T16:06:39.672+00:00",""
"آکام","preserved_blacklist","false","","","toman","","","unknown","","","","","2026-09-21T16:06:39.672+00:00",""
"آکورد","preserved_blacklist","false","","","toman","","","unknown","","","","","2026-09-21T16:06:39.672+00:00",""
"آگاس","preserved_blacklist","false","","","toman","","","unknown","","","","","2026-09-21T16:06:39.672+00:00",""
"آلا","preserved_blacklist","false","","","toman","","","unknown","","","","","2026-09-21T16:06:39.672+00:00",""
"آلتون","preserved_blacklist","false","","","toman","","","unknown","","","","","2026-09-21T16:06:39.672+00:00",""
"آلکان","preserved_blacklist","false","","","toman","","","unknown","","","","","2026-09-21T16:06:39.672+00:00",""
"آلیاژ","preserved_blacklist","false","","","toman","","","unknown","","","","","2026-09-21T16:06:39.672+00:00",""
"آمیتیس","preserved_blacklist","false","","","toman","","","unknown","","","","","2026-09-21T16:06:39.672+00:00",""
"آوا","preserved_blacklist","false","","","toman","","","unknown","","","","","2026-09-21T16:06:39.672+00:00",""
"آوان","preserved_blacklist","false","","","toman","","","unknown","","","","","2026-09-21T16:06:39.672+00:00",""
"آوند","unknown","true","true","true","toman","1405-07-08","15:58:13","stale","2026-09-30T12:28:13.000Z","48.93609861111111","","2026-10-02T13:24:22.955384+00:00","2026-09-21T16:06:39.672+00:00",""
"آوید","preserved_blacklist","false","","","toman","","","unknown","","","","","2026-09-21T16:06:39.672+00:00",""
"ابتکار","preserved_blacklist","false","","","toman","","","unknown","","","","","2026-09-21T16:06:39.672+00:00",""
"اتوآگاه","preserved_blacklist","false","","","toman","","","unknown","","","","","2026-09-21T16:06:39.672+00:00",""
"اتوداریوش","preserved_blacklist","false","","","toman","","","unknown","","","","","2026-09-21T16:06:39.672+00:00",""
"اتوکار","preserved_blacklist","false","","","toman","","","unknown","","","","","2026-09-21T16:06:39.672+00:00",""
"ارزش","preserved_blacklist","false","","","toman","","","unknown","","","","","2026-09-21T16:06:39.672+00:00",""
"ارزش مسکن","preserved_blacklist","false","","","toman","","","unknown","","","","","2026-09-21T16:06:39.672+00:00",""
"ارکیده","unknown","true","true","true","toman","1405-07-08","15:03:21","stale","2026-09-30T11:33:21.000Z","49.850543055555555","","2026-10-02T13:24:22.955384+00:00","2026-09-21T16:06:39.672+00:00",""
"ارمغان","preserved_blacklist","false","","","toman","","","unknown","","","","","2026-09-21T16:06:39.672+00:00",""
"استیل","preserved_blacklist","false","","","toman","","","unknown","","","","","2026-09-21T16:06:39.672+00:00",""
"اصیل","preserved_blacklist","false","","","toman","","","unknown","","","","","2026-09-21T16:06:39.672+00:00",""
"اطلس","preserved_blacklist","false","","","toman","","","unknown","","","","","2026-09-21T16:06:39.672+00:00",""
"اطمینان","preserved_blacklist","false","","","toman","","","unknown","","","","","2026-09-21T16:06:39.672+00:00",""
"اعتبار","preserved_blacklist","false","","","toman","","","unknown","","","","","2026-09-21T16:06:39.672+00:00",""
"اعتبارسهام","preserved_blacklist","false","","","toman","","","unknown","","","","","2026-09-21T16:06:39.672+00:00",""
"اعتماد","unknown","true","true","true","toman","1405-07-08","15:04:00","stale","2026-09-30T11:34:00.000Z","49.839709722222224","","2026-10-02T13:24:22.955384+00:00","2026-09-21T16:06:39.672+00:00",""
"افران","unknown","true","true","true","toman","1405-07-08","15:03:26","stale","2026-09-30T11:33:26.000Z","49.849154166666665","","2026-10-02T13:24:22.955384+00:00","2026-09-21T16:06:39.672+00:00",""
"افق ملت","preserved_blacklist","false","","","toman","","","unknown","","","","","2026-09-21T16:06:39.672+00:00",""
"اکتان","preserved_blacklist","false","","","toman","","","unknown","","","","","2026-09-21T16:06:39.672+00:00",""
"اکستریم","preserved_blacklist","false","","","toman","","","unknown","","","","","2026-09-21T16:06:39.672+00:00",""
"اکسیر","preserved_blacklist","false","","","toman","","","unknown","","","","","2026-09-21T16:06:39.672+00:00",""
"اکسیژن","preserved_blacklist","false","","","toman","","","unknown","","","","","2026-09-21T16:06:39.672+00:00",""
"الماس","preserved_blacklist","false","","","toman","","","unknown","","","","","2026-09-21T16:06:39.672+00:00",""
"امتیاز","preserved_blacklist","false","","","toman","","","unknown","","","","","2026-09-21T16:06:39.672+00:00",""
"امرالد","preserved_blacklist","false","","","toman","","","unknown","","","","","2026-09-21T16:06:39.672+00:00",""
"امگا","preserved_blacklist","false","","","toman","","","unknown","","","","","2026-09-21T16:06:39.672+00:00",""
"امین شهر","preserved_blacklist","false","","","toman","","","unknown","","","","","2026-09-21T16:06:39.672+00:00",""
"امین یکم","preserved_blacklist","false","","","toman","","","unknown","","","","","2026-09-21T16:06:39.672+00:00",""
"انار","preserved_blacklist","false","","","toman","","","unknown","","","","","2026-09-21T16:06:39.672+00:00",""
"اندوخته داریوش","preserved_blacklist","false","","","toman","","","unknown","","","","","2026-09-21T16:06:39.672+00:00",""
"اهرم","preserved_blacklist","false","","","toman","","","unknown","","","","","2026-09-21T16:06:39.672+00:00",""
"اوج","preserved_blacklist","false","","","toman","","","unknown","","","","","2026-09-21T16:06:39.672+00:00",""
"اوصتا","preserved_blacklist","false","","","toman","","","unknown","","","","","2026-09-21T16:06:39.672+00:00",""
"اونیکس","preserved_blacklist","false","","","toman","","","unknown","","","","","2026-09-21T16:06:39.672+00:00",""
"بازبیمه","preserved_blacklist","false","","","toman","","","unknown","","","","","2026-09-21T16:06:39.672+00:00",""
"بازده","preserved_blacklist","false","","","toman","","","unknown","","","","","2026-09-21T16:06:39.672+00:00",""
"بانکا","preserved_blacklist","false","","","toman","","","unknown","","","","","2026-09-21T16:06:39.672+00:00",""
"بانکپاد","preserved_blacklist","false","","","toman","","","unknown","","","","","2026-09-21T16:06:39.672+00:00",""
"بانکدار","preserved_blacklist","false","","","toman","","","unknown","","","","","2026-09-21T16:06:39.672+00:00",""
"بانکو","preserved_blacklist","false","","","toman","","","unknown","","","","","2026-09-21T16:06:39.672+00:00",""
"بانکیا","preserved_blacklist","false","","","toman","","","unknown","","","","","2026-09-21T16:06:39.672+00:00",""
"بذر","preserved_blacklist","false","","","toman","","","unknown","","","","","2026-09-21T16:06:39.672+00:00",""
"برلیان","preserved_blacklist","false","","","toman","","","unknown","","","","","2026-09-21T16:06:39.672+00:00",""
"بزرگ","preserved_blacklist","false","","","toman","","","unknown","","","","","2026-09-21T16:06:39.672+00:00",""
"بلد","preserved_blacklist","false","","","toman","","","unknown","","","","","2026-09-21T16:06:39.672+00:00",""
"بلوط","preserved_blacklist","false","","","toman","","","unknown","","","","","2026-09-21T16:06:39.672+00:00",""
"بمان","preserved_blacklist","false","","","toman","","","unknown","","","","","2026-09-21T16:06:39.672+00:00",""
"بنکر","preserved_blacklist","false","","","toman","","","unknown","","","","","2026-09-21T16:06:39.672+00:00",""
"بنکوداریوش","preserved_blacklist","false","","","toman","","","unknown","","","","","2026-09-21T16:06:39.672+00:00",""
"بهین رو","preserved_blacklist","false","","","toman","","","unknown","","","","","2026-09-21T16:06:39.672+00:00",""
"بیدار","preserved_blacklist","false","","","toman","","","unknown","","","","","2026-09-21T16:06:39.672+00:00",""
"پادا","preserved_blacklist","false","","","toman","","","unknown","","","","","2026-09-21T16:06:39.672+00:00",""
"پاداش","preserved_blacklist","false","","","toman","","","unknown","","","","","2026-09-21T16:06:39.672+00:00",""
"پارند","preserved_blacklist","false","","","toman","","","unknown","","","","","2026-09-21T16:06:39.672+00:00",""
"پاسارگاد","unknown","true","true","true","toman","1405-07-08","15:26:26","stale","2026-09-30T11:56:26.000Z","49.46582083333333","","2026-10-02T13:24:22.955384+00:00","2026-09-21T16:06:39.672+00:00",""
"پالایش","preserved_blacklist","false","","","toman","","","unknown","","","","","2026-09-21T16:06:39.672+00:00",""
"پایا","preserved_blacklist","false","","","toman","","","unknown","","","","","2026-09-21T16:06:39.672+00:00",""
"پایدار","preserved_blacklist","false","","","toman","","","unknown","","","","","2026-09-21T16:06:39.672+00:00",""
"پایش","preserved_blacklist","false","","","toman","","","unknown","","","","","2026-09-21T16:06:39.672+00:00",""
"پتروآبان","preserved_blacklist","false","","","toman","","","unknown","","","","","2026-09-21T16:06:39.672+00:00",""
"پتروآگاه","preserved_blacklist","false","","","toman","","","unknown","","","","","2026-09-21T16:06:39.672+00:00",""
"پتروپاداش","preserved_blacklist","false","","","toman","","","unknown","","","","","2026-09-21T16:06:39.672+00:00",""
"پتروداریوش","preserved_blacklist","false","","","toman","","","unknown","","","","","2026-09-21T16:06:39.672+00:00",""
"پتروسورین","preserved_blacklist","false","","","toman","","","unknown","","","","","2026-09-21T16:06:39.672+00:00",""
"پتروصبا","preserved_blacklist","false","","","toman","","","unknown","","","","","2026-09-21T16:06:39.672+00:00",""
"پتروفارس","preserved_blacklist","false","","","toman","","","unknown","","","","","2026-09-21T16:06:39.672+00:00",""
"پتروما","preserved_blacklist","false","","","toman","","","unknown","","","","","2026-09-21T16:06:39.672+00:00",""
"پرتو","preserved_blacklist","false","","","toman","","","unknown","","","","","2026-09-21T16:06:39.672+00:00",""
"پرتوسا","preserved_blacklist","false","","","toman","","","unknown","","","","","2026-09-21T16:06:39.672+00:00",""
"پلاتا","preserved_blacklist","false","","","toman","","","unknown","","","","","2026-09-21T16:06:39.672+00:00",""
"پناه","preserved_blacklist","false","","","toman","","","unknown","","","","","2026-09-21T16:06:39.672+00:00",""
"پولاد","preserved_blacklist","false","","","toman","","","unknown","","","","","2026-09-21T16:06:39.672+00:00",""
"پویا","preserved_blacklist","false","","","toman","","","unknown","","","","","2026-09-21T16:06:39.672+00:00",""
"پیروز","preserved_blacklist","false","","","toman","","","unknown","","","","","2026-09-21T16:06:39.672+00:00",""
"پیشران","preserved_blacklist","false","","","toman","","","unknown","","","","","2026-09-21T16:06:39.672+00:00",""
"تابش","preserved_blacklist","false","","","toman","","","unknown","","","","","2026-09-21T16:06:39.672+00:00",""
"تاراز","preserved_blacklist","false","","","toman","","","unknown","","","","","2026-09-21T16:06:39.672+00:00",""
"تخت گاز","preserved_blacklist","false","","","toman","","","unknown","","","","","2026-09-21T16:06:39.672+00:00",""
"تداوم","unknown","true","true","true","toman","1405-07-08","18:04:05","stale","2026-09-30T14:34:05.000Z","46.838320833333334","","2026-10-02T13:24:22.955384+00:00","2026-09-21T16:06:39.672+00:00",""
"تراست","preserved_blacklist","false","","","toman","","","unknown","","","","","2026-09-21T16:06:39.672+00:00",""
"ترمه","preserved_blacklist","false","","","toman","","","unknown","","","","","2026-09-21T16:06:39.672+00:00",""
"ترنج ثابت","preserved_blacklist","false","","","toman","","","unknown","","","","","2026-09-21T16:06:39.672+00:00",""
"تصمیم","preserved_blacklist","false","","","toman","","","unknown","","","","","2026-09-21T16:06:39.672+00:00",""
"تکپاد","preserved_blacklist","false","","","toman","","","unknown","","","","","2026-09-21T16:06:39.672+00:00",""
"تمشک","preserved_blacklist","false","","","toman","","","unknown","","","","","2026-09-21T16:06:39.672+00:00",""
"توان","unknown","true","true","true","toman","1405-07-08","15:58:08","stale","2026-09-30T12:28:08.000Z","48.9374875","","2026-10-02T13:24:22.955384+00:00","2026-09-21T16:06:39.672+00:00",""
"توسکا","preserved_blacklist","false","","","toman","","","unknown","","","","","2026-09-21T16:06:39.672+00:00",""
"تیام","preserved_blacklist","false","","","toman","","","unknown","","","","","2026-09-21T16:06:39.672+00:00",""
"ثابت اکسیژن","preserved_blacklist","false","","","toman","","","unknown","","","","","2026-09-21T16:06:39.672+00:00",""
"ثبات","unknown","true","true","true","toman","1405-07-08","17:30:53","stale","2026-09-30T14:00:53.000Z","47.39165416666667","","2026-10-02T13:24:22.955384+00:00","2026-09-21T16:06:39.672+00:00",""
"ثروت","preserved_blacklist","false","","","toman","","","unknown","","","","","2026-09-21T16:06:39.672+00:00",""
"ثروت ساز","preserved_blacklist","false","","","toman","","","unknown","","","","","2026-09-21T16:06:39.672+00:00",""
"ثروتم","preserved_blacklist","false","","","toman","","","unknown","","","","","2026-09-21T16:06:39.672+00:00",""
"ثروین","preserved_blacklist","false","","","toman","","","unknown","","","","","2026-09-21T16:06:39.672+00:00",""
"ثمر","unknown","true","true","true","toman","1405-07-08","18:04:05","stale","2026-09-30T14:34:05.000Z","46.838320833333334","","2026-10-02T13:24:22.955384+00:00","2026-09-21T16:06:39.672+00:00",""
"ثمین","preserved_blacklist","false","","","toman","","","unknown","","","","","2026-09-21T16:06:39.672+00:00",""
"ثنا","preserved_blacklist","false","","","toman","","","unknown","","","","","2026-09-21T16:06:39.672+00:00",""
"ثهام","preserved_blacklist","false","","","toman","","","unknown","","","","","2026-09-21T16:06:39.672+00:00",""
"جام سهند","preserved_blacklist","false","","","toman","","","unknown","","","","","2026-09-21T16:06:39.672+00:00",""
"جام طلا","preserved_blacklist","false","","","toman","","","unknown","","","","","2026-09-21T16:06:39.672+00:00",""
"جاودان","preserved_blacklist","false","","","toman","","","unknown","","","","","2026-09-21T16:06:39.672+00:00",""
"جهش","preserved_blacklist","false","","","toman","","","unknown","","","","","2026-09-21T16:06:39.672+00:00",""
"جوانه کوچک","preserved_blacklist","false","","","toman","","","unknown","","","","","2026-09-21T16:06:39.672+00:00",""
"جواهر","preserved_blacklist","false","","","toman","","","unknown","","","","","2026-09-21T16:06:39.672+00:00",""
"چاشنی","preserved_blacklist","false","","","toman","","","unknown","","","","","2026-09-21T16:06:39.672+00:00",""
"چتر","preserved_blacklist","false","","","toman","","","unknown","","","","","2026-09-21T16:06:39.672+00:00",""
"خاتم","preserved_blacklist","false","","","toman","","","unknown","","","","","2026-09-21T16:06:39.672+00:00",""
"خبرگان","preserved_blacklist","false","","","toman","","","unknown","","","","","2026-09-21T16:06:39.672+00:00",""
"خزانه ملت","preserved_blacklist","false","","","toman","","","unknown","","","","","2026-09-21T16:06:39.672+00:00",""
"خلیج","preserved_blacklist","false","","","toman","","","unknown","","","","","2026-09-21T16:06:39.672+00:00",""
"خودران","preserved_blacklist","false","","","toman","","","unknown","","","","","2026-09-21T16:06:39.672+00:00",""
"خورشید","preserved_blacklist","false","","","toman","","","unknown","","","","","2026-09-21T16:06:39.672+00:00",""
"خوشه","preserved_blacklist","false","","","toman","","","unknown","","","","","2026-09-21T16:06:39.672+00:00",""
"دارا","preserved_blacklist","false","","","toman","","","unknown","","","","","2026-09-21T16:06:39.672+00:00",""
"دارا یکم","unknown","true","true","true","toman","1405-07-08","12:33:16","stale","2026-09-30T09:03:16.000Z","52.351931944444445","","2026-10-02T13:24:22.955384+00:00","2026-09-21T16:06:39.672+00:00",""
"دارونو","preserved_blacklist","false","","","toman","","","unknown","","","","","2026-09-21T16:06:39.672+00:00",""
"داریک","preserved_blacklist","false","","","toman","","","unknown","","","","","2026-09-21T16:06:39.672+00:00",""
"داریوش","preserved_blacklist","false","","","toman","","","unknown","","","","","2026-09-21T16:06:39.672+00:00",""
"دامون","preserved_blacklist","false","","","toman","","","unknown","","","","","2026-09-21T16:06:39.672+00:00",""
"دانیک","preserved_blacklist","false","","","toman","","","unknown","","","","","2026-09-21T16:06:39.672+00:00",""
"درخشان","preserved_blacklist","false","","","toman","","","unknown","","","","","2026-09-21T16:06:39.672+00:00",""
"درسا","preserved_blacklist","false","","","toman","","","unknown","","","","","2026-09-21T16:06:39.672+00:00",""
"درنا","preserved_blacklist","false","","","toman","","","unknown","","","","","2026-09-21T16:06:39.672+00:00",""
"دریا","preserved_blacklist","false","","","toman","","","unknown","","","","","2026-09-21T16:06:39.672+00:00",""
"درین","preserved_blacklist","false","","","toman","","","unknown","","","","","2026-09-21T16:06:39.672+00:00",""
"دفینه","preserved_blacklist","false","","","toman","","","unknown","","","","","2026-09-21T16:06:39.672+00:00",""
"دلتا","preserved_blacklist","false","","","toman","","","unknown","","","","","2026-09-21T16:06:39.672+00:00",""
"دوام","preserved_blacklist","false","","","toman","","","unknown","","","","","2026-09-21T16:06:39.672+00:00",""
"دوایکس","preserved_blacklist","false","","","toman","","","unknown","","","","","2026-09-21T16:06:39.672+00:00",""
"دی سهام","preserved_blacklist","false","","","toman","","","unknown","","","","","2026-09-21T16:06:39.672+00:00",""
"دیار","preserved_blacklist","false","","","toman","","","unknown","","","","","2026-09-21T16:06:39.672+00:00",""
"دیبا","preserved_blacklist","false","","","toman","","","unknown","","","","","2026-09-21T16:06:39.672+00:00",""
"دیوان","preserved_blacklist","false","","","toman","","","unknown","","","","","2026-09-21T16:06:39.672+00:00",""
"رابین","preserved_blacklist","false","","","toman","","","unknown","","","","","2026-09-21T16:06:39.672+00:00",""
"رادان","preserved_blacklist","false","","","toman","","","unknown","","","","","2026-09-21T16:06:39.672+00:00",""
"رایبد","preserved_blacklist","false","","","toman","","","unknown","","","","","2026-09-21T16:06:39.672+00:00",""
"رایکا","preserved_blacklist","false","","","toman","","","unknown","","","","","2026-09-21T16:06:39.672+00:00",""
"رخش","preserved_blacklist","false","","","toman","","","unknown","","","","","2026-09-21T16:06:39.672+00:00",""
"رز ترنج","unknown","true","true","true","toman","1405-07-08","18:03:24","stale","2026-09-30T14:33:24.000Z","46.84970972222222","","2026-10-02T13:24:22.955384+00:00","2026-09-21T16:06:39.672+00:00",""
"رزگلد","preserved_blacklist","false","","","toman","","","unknown","","","","","2026-09-21T16:06:39.672+00:00",""
"رسانا","preserved_blacklist","false","","","toman","","","unknown","","","","","2026-09-21T16:06:39.672+00:00",""
"رشد","preserved_blacklist","false","","","toman","","","unknown","","","","","2026-09-21T16:06:39.672+00:00",""
"رشدی کیان","preserved_blacklist","false","","","toman","","","unknown","","","","","2026-09-21T16:06:39.672+00:00",""
"رهنو","preserved_blacklist","false","","","toman","","","unknown","","","","","2026-09-21T16:06:39.672+00:00",""
"رونق","preserved_blacklist","false","","","toman","","","unknown","","","","","2026-09-21T16:06:39.672+00:00",""
"رویش","preserved_blacklist","false","","","toman","","","unknown","","","","","2026-09-21T16:06:39.672+00:00",""
"رویش همراه","preserved_blacklist","false","","","toman","","","unknown","","","","","2026-09-21T16:06:39.672+00:00",""
"رویین","preserved_blacklist","false","","","toman","","","unknown","","","","","2026-09-21T16:06:39.672+00:00",""
"ریتون","preserved_blacklist","false","","","toman","","","unknown","","","","","2026-09-21T16:06:39.672+00:00",""
"زر","preserved_blacklist","false","","","toman","","","unknown","","","","","2026-09-21T16:06:39.672+00:00",""
"زرفام","preserved_blacklist","false","","","toman","","","unknown","","","","","2026-09-21T16:06:39.672+00:00",""
"زرگر","preserved_blacklist","false","","","toman","","","unknown","","","","","2026-09-21T16:06:39.672+00:00",""
"زروان","preserved_blacklist","false","","","toman","","","unknown","","","","","2026-09-21T16:06:39.672+00:00",""
"زریران","preserved_blacklist","false","","","toman","","","unknown","","","","","2026-09-21T16:06:39.672+00:00",""
"زرین","preserved_blacklist","false","","","toman","","","unknown","","","","","2026-09-21T16:06:39.672+00:00",""
"زمرد","preserved_blacklist","false","","","toman","","","unknown","","","","","2026-09-21T16:06:39.672+00:00",""
"زمرد کوروش","unknown","true","true","true","toman","1405-07-08","15:03:34","stale","2026-09-30T11:33:34.000Z","49.84693194444444","","2026-10-02T13:24:22.955384+00:00","2026-09-21T16:06:39.672+00:00",""
"زیتون","preserved_blacklist","false","","","toman","","","unknown","","","","","2026-09-21T16:06:39.672+00:00",""
"ساحل","preserved_blacklist","false","","","toman","","","unknown","","","","","2026-09-21T16:06:39.672+00:00",""
"سافرون","preserved_blacklist","false","","","toman","","","unknown","","","","","2026-09-21T16:06:39.672+00:00",""
"سام","preserved_blacklist","false","","","toman","","","unknown","","","","","2026-09-21T16:06:39.672+00:00",""
"سبزآبنوس","preserved_blacklist","false","","","toman","","","unknown","","","","","2026-09-21T16:06:39.672+00:00",""
"سپر","unknown","true","true","true","toman","1405-07-08","15:03:33","stale","2026-09-30T11:33:33.000Z","49.847209722222225","","2026-10-02T13:24:22.955384+00:00","2026-09-21T16:06:39.672+00:00",""
"سپنتارود","preserved_blacklist","false","","","toman","","","unknown","","","","","2026-09-21T16:06:39.672+00:00",""
"سپیدما","preserved_blacklist","false","","","toman","","","unknown","","","","","2026-09-21T16:06:39.672+00:00",""
"سپینود","preserved_blacklist","false","","","toman","","","unknown","","","","","2026-09-21T16:06:39.672+00:00",""
"ستاره","preserved_blacklist","false","","","toman","","","unknown","","","","","2026-09-21T16:06:39.672+00:00",""
"سخند","preserved_blacklist","false","","","toman","","","unknown","","","","","2026-09-21T16:06:39.672+00:00",""
"سرو","preserved_blacklist","false","","","toman","","","unknown","","","","","2026-09-21T16:06:39.672+00:00",""
"سلام","preserved_blacklist","false","","","toman","","","unknown","","","","","2026-09-21T16:06:39.672+00:00",""
"سمان","preserved_blacklist","false","","","toman","","","unknown","","","","","2026-09-21T16:06:39.672+00:00",""
"سها","preserved_blacklist","false","","","toman","","","unknown","","","","","2026-09-21T16:06:39.672+00:00",""
"سهامدار","preserved_blacklist","false","","","toman","","","unknown","","","","","2026-09-21T16:06:39.672+00:00",""
"سورنافود","preserved_blacklist","false","","","toman","","","unknown","","","","","2026-09-21T16:06:39.672+00:00",""
"سولار","preserved_blacklist","false","","","toman","","","unknown","","","","","2026-09-21T16:06:39.672+00:00",""
"سیان","preserved_blacklist","false","","","toman","","","unknown","","","","","2026-09-21T16:06:39.672+00:00",""
"سیگلو","preserved_blacklist","false","","","toman","","","unknown","","","","","2026-09-21T16:06:39.672+00:00",""
"سیلوا","preserved_blacklist","false","","","toman","","","unknown","","","","","2026-09-21T16:06:39.672+00:00",""
"سیلور","preserved_blacklist","false","","","toman","","","unknown","","","","","2026-09-21T16:06:39.672+00:00",""
"سیمان","preserved_blacklist","false","","","toman","","","unknown","","","","","2026-09-21T16:06:39.672+00:00",""
"سیمانا","preserved_blacklist","false","","","toman","","","unknown","","","","","2026-09-21T16:06:39.672+00:00",""
"سیمانو","preserved_blacklist","false","","","toman","","","unknown","","","","","2026-09-21T16:06:39.672+00:00",""
"سیمانیا","preserved_blacklist","false","","","toman","","","unknown","","","","","2026-09-21T16:06:39.672+00:00",""
"سیمین","preserved_blacklist","false","","","toman","","","unknown","","","","","2026-09-21T16:06:39.672+00:00",""
"سیناد","preserved_blacklist","false","","","toman","","","unknown","","","","","2026-09-21T16:06:39.672+00:00",""
"شتاب","preserved_blacklist","false","","","toman","","","unknown","","","","","2026-09-21T16:06:39.672+00:00",""
"شمیم","preserved_blacklist","false","","","toman","","","unknown","","","","","2026-09-21T16:06:39.672+00:00",""
"شیلد","preserved_blacklist","false","","","toman","","","unknown","","","","","2026-09-21T16:06:39.672+00:00",""
"صایند","preserved_blacklist","false","","","toman","","","unknown","","","","","2026-09-21T16:06:39.672+00:00",""
"صدف","preserved_blacklist","false","","","toman","","","unknown","","","","","2026-09-21T16:06:39.672+00:00",""
"صنم","preserved_blacklist","false","","","toman","","","unknown","","","","","2026-09-21T16:06:39.672+00:00",""
"صنهال","preserved_blacklist","false","","","toman","","","unknown","","","","","2026-09-21T16:06:39.672+00:00",""
"صنوین","preserved_blacklist","false","","","toman","","","unknown","","","","","2026-09-21T16:06:39.672+00:00",""
"ضمان","preserved_blacklist","false","","","toman","","","unknown","","","","","2026-09-21T16:06:39.672+00:00",""
"طعام","preserved_blacklist","false","","","toman","","","unknown","","","","","2026-09-21T16:06:39.672+00:00",""
"طلا","unknown","true","true","true","toman","1405-07-08","18:03:27","stale","2026-09-30T14:33:27.000Z","46.84887638888889","","2026-10-02T13:24:22.955384+00:00","2026-09-21T16:06:39.672+00:00",""
"طلوع","preserved_blacklist","false","","","toman","","","unknown","","","","","2026-09-21T16:06:39.672+00:00",""
"عرش","preserved_blacklist","false","","","toman","","","unknown","","","","","2026-09-21T16:06:39.672+00:00",""
"عقیق","preserved_blacklist","false","","","toman","","","unknown","","","","","2026-09-21T16:06:39.672+00:00",""
"عمارت دی","preserved_blacklist","false","","","toman","","","unknown","","","","","2026-09-21T16:06:39.672+00:00",""
"عیار","unknown","true","true","true","toman","1405-07-08","17:58:05","stale","2026-09-30T14:28:05.000Z","46.938320833333336","","2026-10-02T13:24:22.955384+00:00","2026-09-21T16:06:39.672+00:00",""
"فاخر","preserved_blacklist","false","","","toman","","","unknown","","","","","2026-09-21T16:06:39.672+00:00",""
"فارما کیان","preserved_blacklist","false","","","toman","","","unknown","","","","","2026-09-21T16:06:39.672+00:00",""
"فارمانی","preserved_blacklist","false","","","toman","","","unknown","","","","","2026-09-21T16:06:39.672+00:00",""
"فرا الگوریتم","preserved_blacklist","false","","","toman","","","unknown","","","","","2026-09-21T16:06:39.672+00:00",""
"فراز","preserved_blacklist","false","","","toman","","","unknown","","","","","2026-09-21T16:06:39.672+00:00",""
"فردا","unknown","true","true","true","toman","1405-07-08","18:04:02","stale","2026-09-30T14:34:02.000Z","46.83915416666667","","2026-10-02T13:24:22.955384+00:00","2026-09-21T16:06:39.672+00:00",""
"فرصت","preserved_blacklist","false","","","toman","","","unknown","","","","","2026-09-21T16:06:39.672+00:00",""
"فلزا","preserved_blacklist","false","","","toman","","","unknown","","","","","2026-09-21T16:06:39.672+00:00",""
"فلزفارابی","preserved_blacklist","false","","","toman","","","unknown","","","","","2026-09-21T16:06:39.672+00:00",""
"فیروزا","unknown","true","true","true","toman","1405-07-08","18:04:05","stale","2026-09-30T14:34:05.000Z","46.838320833333334","","2026-10-02T13:24:22.955384+00:00","2026-09-21T16:06:39.672+00:00",""
"فیروزه","preserved_blacklist","false","","","toman","","","unknown","","","","","2026-09-21T16:06:39.672+00:00",""
"قلک گلد","preserved_blacklist","false","","","toman","","","unknown","","","","","2026-09-21T16:06:39.672+00:00",""
"قیراط","preserved_blacklist","false","","","toman","","","unknown","","","","","2026-09-21T16:06:39.672+00:00",""
"کاج","preserved_blacklist","false","","","toman","","","unknown","","","","","2026-09-21T16:06:39.672+00:00",""
"کاخ","preserved_blacklist","false","","","toman","","","unknown","","","","","2026-09-21T16:06:39.672+00:00",""
"کارآمد","unknown","true","true","true","toman","1405-07-08","14:51:28","stale","2026-09-30T11:21:28.000Z","50.04859861111111","","2026-10-02T13:24:22.955384+00:00","2026-09-21T16:06:39.672+00:00",""
"کارا","unknown","true","true","true","toman","1405-07-08","15:02:43","stale","2026-09-30T11:32:43.000Z","49.86109861111111","","2026-10-02T13:24:22.955384+00:00","2026-09-21T16:06:39.672+00:00",""
"کاردان","preserved_blacklist","false","","","toman","","","unknown","","","","","2026-09-21T16:06:39.672+00:00",""
"کارما","preserved_blacklist","false","","","toman","","","unknown","","","","","2026-09-21T16:06:39.672+00:00",""
"کاریس","preserved_blacklist","false","","","toman","","","unknown","","","","","2026-09-21T16:06:39.672+00:00",""
"کارین","preserved_blacklist","false","","","toman","","","unknown","","","","","2026-09-21T16:06:39.672+00:00",""
"کاشانه","preserved_blacklist","false","","","toman","","","unknown","","","","","2026-09-21T16:06:39.672+00:00",""
"کامیاب","preserved_blacklist","false","","","toman","","","unknown","","","","","2026-09-21T16:06:39.672+00:00",""
"کلید","preserved_blacklist","false","","","toman","","","unknown","","","","","2026-09-21T16:06:39.672+00:00",""
"کمان","preserved_blacklist","false","","","toman","","","unknown","","","","","2026-09-21T16:06:39.672+00:00",""
"کمند","preserved_blacklist","false","","","toman","","","unknown","","","","","2026-09-21T16:06:39.672+00:00",""
"کهربا","unknown","true","true","true","toman","1405-07-08","18:01:29","stale","2026-09-30T14:31:29.000Z","46.881654166666664","","2026-10-02T13:24:22.955384+00:00","2026-09-21T16:06:39.672+00:00",""
"کوانتوم","preserved_blacklist","false","","","toman","","","unknown","","","","","2026-09-21T16:06:39.672+00:00",""
"کیان","unknown","true","true","true","toman","1405-07-08","15:03:24","stale","2026-09-30T11:33:24.000Z","49.84970972222222","","2026-10-02T13:24:22.955384+00:00","2026-09-21T16:06:39.672+00:00",""
"گارانتی","preserved_blacklist","false","","","toman","","","unknown","","","","","2026-09-21T16:06:39.672+00:00",""
"گلدا","preserved_blacklist","false","","","toman","","","unknown","","","","","2026-09-21T16:06:39.672+00:00",""
"گلدیس","preserved_blacklist","false","","","toman","","","unknown","","","","","2026-09-21T16:06:39.672+00:00",""
"گنج","preserved_blacklist","false","","","toman","","","unknown","","","","","2026-09-21T16:06:39.672+00:00",""
"گنجین","preserved_blacklist","false","","","toman","","","unknown","","","","","2026-09-21T16:06:39.672+00:00",""
"گنجینه","preserved_blacklist","false","","","toman","","","unknown","","","","","2026-09-21T16:06:39.672+00:00",""
"گوهر","preserved_blacklist","false","","","toman","","","unknown","","","","","2026-09-21T16:06:39.672+00:00",""
"لبخند","unknown","true","true","true","toman","1405-07-08","11:43:01","stale","2026-09-30T08:13:01.000Z","53.18943194444444","","2026-10-02T13:24:22.955384+00:00","2026-09-21T16:06:39.672+00:00",""
"لذیذ","preserved_blacklist","false","","","toman","","","unknown","","","","","2026-09-21T16:06:39.672+00:00",""
"لیان","preserved_blacklist","false","","","toman","","","unknown","","","","","2026-09-21T16:06:39.672+00:00",""
"ماکان","preserved_blacklist","false","","","toman","","","unknown","","","","","2026-09-21T16:06:39.672+00:00",""
"مالک آتیه","preserved_blacklist","false","","","toman","","","unknown","","","","","2026-09-21T16:06:39.672+00:00",""
"مانا","preserved_blacklist","false","","","toman","","","unknown","","","","","2026-09-21T16:06:39.672+00:00",""
"مانی","preserved_blacklist","false","","","toman","","","unknown","","","","","2026-09-21T16:06:39.672+00:00",""
"ماهور","preserved_blacklist","false","","","toman","","","unknown","","","","","2026-09-21T16:06:39.672+00:00",""
"متال","preserved_blacklist","false","","","toman","","","unknown","","","","","2026-09-21T16:06:39.672+00:00",""
"مثقال","unknown","true","true","true","toman","1405-07-08","18:04:07","stale","2026-09-30T14:34:07.000Z","46.83776527777778","","2026-10-02T13:24:22.955384+00:00","2026-09-21T16:06:39.672+00:00",""
"مختلط","preserved_blacklist","false","","","toman","","","unknown","","","","","2026-09-21T16:06:39.672+00:00",""
"مدیر","preserved_blacklist","false","","","toman","","","unknown","","","","","2026-09-21T16:06:39.672+00:00",""
"مروارید","preserved_blacklist","false","","","toman","","","unknown","","","","","2026-09-21T16:06:39.672+00:00",""
"مزه","preserved_blacklist","false","","","toman","","","unknown","","","","","2026-09-21T16:06:39.672+00:00",""
"مسگون","preserved_blacklist","false","","","toman","","","unknown","","","","","2026-09-21T16:06:39.672+00:00",""
"معدن","preserved_blacklist","false","","","toman","","","unknown","","","","","2026-09-21T16:06:39.672+00:00",""
"مهرگلد","preserved_blacklist","false","","","toman","","","unknown","","","","","2026-09-21T16:06:39.672+00:00",""
"موج","preserved_blacklist","false","","","toman","","","unknown","","","","","2026-09-21T16:06:39.672+00:00",""
"میراث","preserved_blacklist","false","","","toman","","","unknown","","","","","2026-09-21T16:06:39.672+00:00",""
"ناب","preserved_blacklist","false","","","toman","","","unknown","","","","","2026-09-21T16:06:39.672+00:00",""
"نارنج اهرم","preserved_blacklist","false","","","toman","","","unknown","","","","","2026-09-21T16:06:39.672+00:00",""
"نارین","preserved_blacklist","false","","","toman","","","unknown","","","","","2026-09-21T16:06:39.672+00:00",""
"ناوگان","preserved_blacklist","false","","","toman","","","unknown","","","","","2026-09-21T16:06:39.672+00:00",""
"نبات","preserved_blacklist","false","","","toman","","","unknown","","","","","2026-09-21T16:06:39.672+00:00",""
"نخل","preserved_blacklist","false","","","toman","","","unknown","","","","","2026-09-21T16:06:39.672+00:00",""
"نشان","preserved_blacklist","false","","","toman","","","unknown","","","","","2026-09-21T16:06:39.672+00:00",""
"نفتوداریوش","preserved_blacklist","false","","","toman","","","unknown","","","","","2026-09-21T16:06:39.672+00:00",""
"نفیس","preserved_blacklist","false","","","toman","","","unknown","","","","","2026-09-21T16:06:39.672+00:00",""
"نقرآمد","preserved_blacklist","false","","","toman","","","unknown","","","","","2026-09-21T16:06:39.672+00:00",""
"نقرابی","unknown","true","true","true","toman","1405-07-08","18:04:08","stale","2026-09-30T14:34:08.000Z","46.8374875","","2026-10-02T13:24:22.955384+00:00","2026-09-21T16:06:39.672+00:00",""
"نقراط","preserved_blacklist","false","","","toman","","","unknown","","","","","2026-09-21T16:06:39.672+00:00",""
"نقران","preserved_blacklist","false","","","toman","","","unknown","","","","","2026-09-21T16:06:39.672+00:00",""
"نقرسا","preserved_blacklist","false","","","toman","","","unknown","","","","","2026-09-21T16:06:39.672+00:00",""
"نقرفام","preserved_blacklist","false","","","toman","","","unknown","","","","","2026-09-21T16:06:39.672+00:00",""
"نقرین","preserved_blacklist","false","","","toman","","","unknown","","","","","2026-09-21T16:06:39.672+00:00",""
"نگین فارس","preserved_blacklist","false","","","toman","","","unknown","","","","","2026-09-21T16:06:39.672+00:00",""
"نمک","preserved_blacklist","false","","","toman","","","unknown","","","","","2026-09-21T16:06:39.672+00:00",""
"نهال","preserved_blacklist","false","","","toman","","","unknown","","","","","2026-09-21T16:06:39.672+00:00",""
"نوید","preserved_blacklist","false","","","toman","","","unknown","","","","","2026-09-21T16:06:39.672+00:00",""
"نیروانا","preserved_blacklist","false","","","toman","","","unknown","","","","","2026-09-21T16:06:39.672+00:00",""
"نیک گستر","preserved_blacklist","false","","","toman","","","unknown","","","","","2026-09-21T16:06:39.672+00:00",""
"نیلی","preserved_blacklist","false","","","toman","","","unknown","","","","","2026-09-21T16:06:39.672+00:00",""
"هامرز","preserved_blacklist","false","","","toman","","","unknown","","","","","2026-09-21T16:06:39.672+00:00",""
"هامون","preserved_blacklist","false","","","toman","","","unknown","","","","","2026-09-21T16:06:39.672+00:00",""
"هدف","preserved_blacklist","false","","","toman","","","unknown","","","","","2026-09-21T16:06:39.672+00:00",""
"هم ارز","preserved_blacklist","false","","","toman","","","unknown","","","","","2026-09-21T16:06:39.672+00:00",""
"هم تراز","preserved_blacklist","false","","","toman","","","unknown","","","","","2026-09-21T16:06:39.672+00:00",""
"هم وزن","preserved_blacklist","false","","","toman","","","unknown","","","","","2026-09-21T16:06:39.672+00:00",""
"همای","preserved_blacklist","false","","","toman","","","unknown","","","","","2026-09-21T16:06:39.672+00:00",""
"همتا","preserved_blacklist","false","","","toman","","","unknown","","","","","2026-09-21T16:06:39.672+00:00",""
"همسنگ","preserved_blacklist","false","","","toman","","","unknown","","","","","2026-09-21T16:06:39.672+00:00",""
"همگام","preserved_blacklist","false","","","toman","","","unknown","","","","","2026-09-21T16:06:39.672+00:00",""
"همیان","preserved_blacklist","false","","","toman","","","unknown","","","","","2026-09-21T16:06:39.672+00:00",""
"هوشمند","preserved_blacklist","false","","","toman","","","unknown","","","","","2026-09-21T16:06:39.672+00:00",""
"هوشیار","preserved_blacklist","false","","","toman","","","unknown","","","","","2026-09-21T16:06:39.672+00:00",""
"هومان","preserved_blacklist","false","","","toman","","","unknown","","","","","2026-09-21T16:06:39.672+00:00",""
"هیبرید","preserved_blacklist","false","","","toman","","","unknown","","","","","2026-09-21T16:06:39.672+00:00",""
"هیوا","preserved_blacklist","false","","","toman","","","unknown","","","","","2026-09-21T16:06:39.672+00:00",""
"وبازار","preserved_blacklist","false","","","toman","","","unknown","","","","","2026-09-21T16:06:39.672+00:00",""
"ولتاژ","preserved_blacklist","false","","","toman","","","unknown","","","","","2026-09-21T16:06:39.672+00:00",""
"ونچر","preserved_blacklist","false","","","toman","","","unknown","","","","","2026-09-21T16:06:39.672+00:00",""
"ویستا","preserved_blacklist","false","","","toman","","","unknown","","","","","2026-09-21T16:06:39.672+00:00",""
"یارا","preserved_blacklist","false","","","toman","","","unknown","","","","","2026-09-21T16:06:39.672+00:00",""
"یاس","preserved_blacklist","false","","","toman","","","unknown","","","","","2026-09-21T16:06:39.672+00:00",""
"یاقوت","unknown","true","true","true","toman","1405-07-08","15:04:04","stale","2026-09-30T11:34:04.000Z","49.83859861111111","","2026-10-02T13:24:22.955384+00:00","2026-09-21T16:06:39.672+00:00",""
"یکم","preserved_blacklist","false","","","toman","","","unknown","","","","","2026-09-21T16:06:39.672+00:00",""
"یلدا","preserved_blacklist","false","","","toman","","","unknown","","","","","2026-09-21T16:06:39.672+00:00",""
"یوتیلیتی","preserved_blacklist","false","","","toman","","","unknown","","","","","2026-09-21T16:06:39.672+00:00",""
