"symbol","cause","lastCheckedAt"
"آبنوس","",""
"آبی","",""
"آتش","",""
"آتیمس","",""
"آتیه ملت","",""
"آذرین","",""
"آرام","",""
"آرامش","",""
"آرمانی","",""
"آس","",""
"آسا","",""
"آساس","",""
"آسال","",""
"آسام","",""
"آسان","",""
"آسود","",""
"آفاق","",""
"آفرین","",""
"آلا","",""
"آلتون","",""
"آلکان","",""
"آلیاژ","",""
"آمیتیس","",""
"آوا","",""
"آوان","",""
"آوید","",""
"آکام","",""
"آکورد","",""
"آگاس","",""
"ابتکار","",""
"اتو کار","",""
"اتوآگاه","",""
"اتوداریوش","",""
"اتوکار","",""
"ارزش","",""
"ارزش مسکن","",""
"ارمغان","",""
"استیل","",""
"اصیل","",""
"اطلس","",""
"اطمینان","",""
"اعتبار","",""
"اعتبارسهام","",""
"افق ملت","",""
"افق نگر","",""
"الماس","",""
"امتیاز","",""
"امرالد","",""
"امگا","",""
"امین شهر","",""
"امین یکم","",""
"انار","",""
"اندوخته داریوش","",""
"اهرم","",""
"اوج","",""
"اوصتا","",""
"اونیکس","",""
"اکتان","",""
"اکستریم","",""
"اکسیر","",""
"اکسیژن","",""
"بازبیمه","",""
"بازده","",""
"بامداد","",""
"بانکا","",""
"بانکدار","",""
"بانکو","",""
"بانکپاد","",""
"بانکیا","",""
"بذر","",""
"برلیان","",""
"بزرگ","",""
"بلد","",""
"بلوط","",""
"بمان","",""
"بنکر","",""
"بنکوداریوش","",""
"بهین رو","",""
"بیدار","",""
"تابش","",""
"تاراز","",""
"تخت گاز","",""
"تدبیریکم","",""
"تراست","",""
"ترمه","",""
"ترنج ثابت","",""
"تصمیم","",""
"تمشک","",""
"توسکا","",""
"تکپاد","",""
"تیام","",""
"ثابت اکسیژن","",""
"ثروت","",""
"ثروت ساز","",""
"ثروتم","",""
"ثروین","",""
"ثمین","",""
"ثنا","",""
"ثهام","",""
"جام سهند","",""
"جام طلا","",""
"جاودان","",""
"جهش","",""
"جوانه کوچک","",""
"جواهر","",""
"حدید","",""
"خاتم","",""
"خبرگان","",""
"خزانه ملت","",""
"خلیج","",""
"خودران","",""
"خورشید","",""
"خوشه","",""
"دارا","",""
"دارونو","",""
"داریوش","",""
"داریک","",""
"دامون","",""
"دانیک","",""
"درخشان","",""
"درسا","",""
"درنا","",""
"دریا","",""
"درین","",""
"دفینه","",""
"دلتا","",""
"دوام","",""
"دوایکس","",""
"دی سهام","",""
"دیار","",""
"دیبا","",""
"دیتا","",""
"دیوان","",""
"رابین","",""
"رادان","",""
"راهکار","",""
"رایبد","",""
"رایکا","",""
"رخش","",""
"رزگلد","",""
"رسانا","",""
"رشد","",""
"رشدی کیان","",""
"رهنو","",""
"رونق","",""
"رویش","",""
"رویش همراه","",""
"رویین","",""
"ریتون","",""
"زر","",""
"زرفام","",""
"زروان","",""
"زرگر","",""
"زریران","",""
"زرین","",""
"زمرد","",""
"زیتون","",""
"ساحل","",""
"سافرون","",""
"سام","",""
"سبزآبنوس","",""
"ستاره","",""
"سخند","",""
"سرو","",""
"سلام","",""
"سمان","",""
"سمنتوداریوش","",""
"سها","",""
"سهامدار","",""
"سورنافود","",""
"سولار","",""
"سپنتارود","",""
"سپیدما","",""
"سپینود","",""
"سیان","",""
"سیلوا","",""
"سیلور","",""
"سیمان","",""
"سیمانا","",""
"سیمانو","",""
"سیمانیا","",""
"سیمین","",""
"سیناد","",""
"سینرژی","",""
"سیگلو","",""
"شتاب","",""
"شفق","",""
"شمیم","",""
"شیلد","",""
"صایند","",""
"صدف","",""
"صنم","",""
"صنهال","",""
"صنوین","",""
"ضمان","",""
"طعام","",""
"طلوع","",""
"عرش","",""
"عقیق","",""
"عمارت دی","",""
"فاخر","",""
"فارما کیان","",""
"فارمانی","",""
"فرا الگوریتم","",""
"فراز","",""
"فرصت","",""
"فلزا","",""
"فلزفارابی","",""
"فیروزه","",""
"قلک گلد","",""
"قیراط","",""
"لذیذ","",""
"لیان","",""
"مالک آتیه","",""
"مانا","",""
"مانی","",""
"ماهور","",""
"ماکان","",""
"متال","",""
"مختلط","",""
"مدیر","",""
"مروارید","",""
"مزه","",""
"مسگون","",""
"معدن","",""
"مهرگلد","",""
"موج","",""
"میراث","",""
"ناب","",""
"نارنج اهرم","",""
"نارین","",""
"ناوگان","",""
"نبات","",""
"نخل","",""
"نشان","",""
"نفتوداریوش","",""
"نفیس","",""
"نقرآمد","",""
"نقرا","",""
"نقراط","",""
"نقران","",""
"نقرسا","",""
"نقرفام","",""
"نقرین","",""
"نمک","",""
"نهال","",""
"نوآور","",""
"نوید","",""
"نگین فارس","",""
"نیروانا","",""
"نیلی","",""
"نیک گستر","",""
"هامرز","",""
"هامون","",""
"هدف","",""
"هم ارز","",""
"هم تراز","",""
"هم وزن","",""
"همای","",""
"همتا","",""
"همسنگ","",""
"همگام","",""
"همیان","",""
"هوشمند","",""
"هوشیار","",""
"هومان","",""
"هیبرید","",""
"هیوا","",""
"وبازار","",""
"ولتاژ","",""
"ونچر","",""
"ویستا","",""
"ویسرو","",""
"پادا","",""
"پاداش","",""
"پارتین","",""
"پارند","",""
"پالایش","",""
"پایا","",""
"پایدار","",""
"پایش","",""
"پتروآبان","",""
"پتروآگاه","",""
"پتروداریوش","",""
"پتروسورین","",""
"پتروصبا","",""
"پتروفارس","",""
"پتروما","",""
"پتروپاداش","",""
"پرتو","",""
"پرتوسا","",""
"پلاتا","",""
"پناه","",""
"پولاد","",""
"پویا","",""
"پیروز","",""
"پیشران","",""
"پیشرفت","",""
"پیشگام","",""
"چاشنی","",""
"چتر","",""
"کاج","",""
"کاخ","",""
"کاردان","",""
"کارما","",""
"کاریس","",""
"کارین","",""
"کاشانه","",""
"کامیاب","",""
"کلید","",""
"کمان","",""
"کمند","",""
"کوانتوم","",""
"گارانتی","",""
"گلدا","",""
"گلدیس","",""
"گنج","",""
"گنجین","",""
"گنجینه","",""
"گوهر","",""
"یارا","",""
"یاس","",""
"یلدا","",""
"یوتیلیتی","",""
"یکم","",""
